epoch,step,train_loss
0,49,0.5291377305984497
0,99,0.3316660523414612
0,149,0.3128089904785156
0,199,0.2065000832080841
0,249,0.10272447764873505
0,299,0.08487653732299805
0,349,0.09688886255025864
0,399,0.09317134320735931
