{"trainer/global_step":99,"_timestamp":1.7656472775028687e+09,"_wandb":{"runtime":51},"_runtime":51,"_step":1,"train_loss":0.28376147150993347,"epoch":0}